<?xml version="1.0" encoding="UTF-8"?>
<project-private xmlns="http://www.netbeans.org/ns/project-private/1">
    <editor-bookmarks xmlns="http://www.netbeans.org/ns/editor-bookmarks/2" lastBookmarkId="0"/>
    <open-files xmlns="http://www.netbeans.org/ns/projectui-open-files/2">
        <group>
            <file>file:/C:/ThomStuff/IU/Spring2021Semester/Info-C%20210/UseCar/src/rentalCar.java</file>
            <file>file:/C:/ThomStuff/IU/Spring2021Semester/Info-C%20210/UseCar/src/CarsAndOwners/Car.java</file>
            <file>file:/C:/ThomStuff/IU/Spring2021Semester/Info-C%20210/UseCar/src/CarsAndOwners/CarRenter.java</file>
        </group>
    </open-files>
</project-private>
